run_id,dataset,model,method,output_protocol,train_labels,dev_labels,budget_per_class,seed,manifest_sha256,accuracy,balanced_accuracy,failure_rate,input_tokens,input_tokens_coverage,input_tokens_known_total,latency_p50_s,latency_p95_s,macro_f1,n_classes,n_failures,n_probability_rows,n_test,output_tokens,output_tokens_coverage,output_tokens_known_total,prediction_time_s,probability_coverage,valid_response_accuracy,brier_sum,chosen_label_argmax_disagreement_rows,ece_15_equal_width,log_loss,probability_renormalized_rows,zero_true_class_probability_rows,average_precision,roc_auc
ag_news__linear_svc__a23e5c995947,ag_news,linear_svc,classical,classical native,10000,1000,full prepared train,42,4bf4199c04845b8f3dfd30dd7e8ec3e4eaf2617b8defd41d537e3066446172cd,0.905,0.9049999999999999,0.0,,0.0,0,0.0030015195853775366,0.0030015195853775366,0.9043950007609801,4,0,0,200,,0.0,0,0.6003039170755073,0.0,0.905,,,,,,,,
ag_news__linear_svc__bb553fae9f66,ag_news,linear_svc,classical,classical native,16,0,4,42,4bf4199c04845b8f3dfd30dd7e8ec3e4eaf2617b8defd41d537e3066446172cd,0.48,0.48,0.0,,0.0,0,0.0001496014604344964,0.0001496014604344964,0.4731797257623725,4,0,0,200,,0.0,0,0.02992029208689928,0.0,0.48,,,,,,,,
ag_news__logistic_regression__138af83bc1e3,ag_news,logistic_regression,classical,classical native,10000,1000,full prepared train,42,4bf4199c04845b8f3dfd30dd7e8ec3e4eaf2617b8defd41d537e3066446172cd,0.91,0.9099999999999999,0.0,,0.0,0,0.000981289169867523,0.000981289169867523,0.9093589230307276,4,0,200,200,,0.0,0,0.1962578339735046,1.0,0.91,0.16792115621734646,0,0.12722475491601906,0.3498493098736352,68,0,,
ag_news__logistic_regression__f3e487f9ab2a,ag_news,logistic_regression,classical,classical native,16,0,4,42,4bf4199c04845b8f3dfd30dd7e8ec3e4eaf2617b8defd41d537e3066446172cd,0.485,0.485,0.0,,0.0,0,0.0001589668751694262,0.0001589668751694262,0.4781954887218045,4,0,200,200,,0.0,0,0.03179337503388524,1.0,0.485,0.7201206690321572,0,0.2059068096962169,1.3292878876103793,31,0,,
ag_news__majority__52d1c07fc801,ag_news,majority,classical,classical native,10000,1000,full prepared train,42,4bf4199c04845b8f3dfd30dd7e8ec3e4eaf2617b8defd41d537e3066446172cd,0.25,0.25,0.0,,0.0,0,1.0979536455124617e-07,1.0979536455124617e-07,0.1,4,0,200,200,,0.0,0,2.1959072910249233e-05,1.0,0.25,1.5,0,0.75,25.90408229618302,0,150,,
ag_news__majority__a8a0d0ea7ac8,ag_news,majority,classical,classical native,16,0,4,42,4bf4199c04845b8f3dfd30dd7e8ec3e4eaf2617b8defd41d537e3066446172cd,0.25,0.25,0.0,,0.0,0,1.4587497571483255e-06,1.4587497571483255e-06,0.1,4,0,200,200,,0.0,0,0.0002917499514296651,1.0,0.25,1.5,0,0.75,25.90408229618302,0,150,,
ag_news__multinomial_nb__2822ae8d78ea,ag_news,multinomial_nb,classical,classical native,16,0,4,42,4bf4199c04845b8f3dfd30dd7e8ec3e4eaf2617b8defd41d537e3066446172cd,0.47,0.47,0.0,,0.0,0,0.00016088874952401965,0.00016088874952401965,0.4640168970814132,4,0,200,200,,0.0,0,0.03217774990480393,1.0,0.47,0.7053888661824359,0,0.17522531627364502,1.3027350726920008,198,0,,
ag_news__multinomial_nb__c27fb667c2c5,ag_news,multinomial_nb,classical,classical native,10000,1000,full prepared train,42,4bf4199c04845b8f3dfd30dd7e8ec3e4eaf2617b8defd41d537e3066446172cd,0.915,0.9149999999999999,0.0,,0.0,0,0.0011471822898602114,0.0011471822898602114,0.9146317544375797,4,0,200,200,,0.0,0,0.2294364579720423,1.0,0.915,0.14075108830252925,0,0.0619753536278471,0.4012277786974575,198,0,,
banking77__linear_svc__3764b058c93c,banking77,linear_svc,classical,classical native,8995,1000,full prepared train,42,d399802be74f525de389b25c921eb59b941ca439a9e6fb2b7ff33b69e1335061,0.925,0.9264069264069263,0.0,,0.0,0,5.868270993232727e-05,5.868270993232727e-05,0.9238095238095237,77,0,0,200,,0.0,0,0.011736541986465454,0.0,0.925,,,,,,,,
banking77__linear_svc__6b1940bc8028,banking77,linear_svc,classical,classical native,308,0,4,42,d399802be74f525de389b25c921eb59b941ca439a9e6fb2b7ff33b69e1335061,0.545,0.5497835497835497,0.0,,0.0,0,0.0001342364598531276,0.0001342364598531276,0.508286951144094,77,0,0,200,,0.0,0,0.026847291970625516,0.0,0.545,,,,,,,,
banking77__logistic_regression__475793a0cfcb,banking77,logistic_regression,classical,classical native,8995,1000,full prepared train,42,d399802be74f525de389b25c921eb59b941ca439a9e6fb2b7ff33b69e1335061,0.92,0.922077922077922,0.0,,0.0,0,0.00014867021003738044,0.00014867021003738044,0.9158936301793444,77,0,200,200,,0.0,0,0.029734042007476088,1.0,0.92,0.14039632513980446,0,0.08985828218327263,0.3829576207641577,145,0,,
banking77__logistic_regression__9f8fca344d2e,banking77,logistic_regression,classical,classical native,308,0,4,42,d399802be74f525de389b25c921eb59b941ca439a9e6fb2b7ff33b69e1335061,0.56,0.564935064935065,0.0,,0.0,0,0.00021760812494903804,0.00021760812494903804,0.5335807050092763,77,0,200,200,,0.0,0,0.043521624989807606,1.0,0.56,0.9288061925998545,0,0.5099931174568876,3.326075339287274,129,0,,
banking77__majority__17d71238e242,banking77,majority,classical,classical native,308,0,4,42,d399802be74f525de389b25c921eb59b941ca439a9e6fb2b7ff33b69e1335061,0.015,0.012987012987012988,0.0,,0.0,0,3.072915133088827e-06,3.072915133088827e-06,0.00038385260060136905,77,0,200,200,,0.0,0,0.0006145830266177654,1.0,0.015,1.97,0,0.985,34.020694748987104,0,197,,
banking77__majority__3f1cdb7677fd,banking77,majority,classical,classical native,8995,1000,full prepared train,42,d399802be74f525de389b25c921eb59b941ca439a9e6fb2b7ff33b69e1335061,0.015,0.012987012987012988,0.0,,0.0,0,2.627098001539707e-07,2.627098001539707e-07,0.00038385260060136905,77,0,200,200,,0.0,0,5.2541960030794144e-05,1.0,0.015,1.97,0,0.985,34.020694748987104,0,197,,
banking77__multinomial_nb__a1d4030505c7,banking77,multinomial_nb,classical,classical native,8995,1000,full prepared train,42,d399802be74f525de389b25c921eb59b941ca439a9e6fb2b7ff33b69e1335061,0.885,0.8852813852813851,0.0,,0.0,0,0.00019087270949967207,0.00019087270949967207,0.8709029066171924,77,0,200,200,,0.0,0,0.03817454189993441,1.0,0.885,0.17559401982974468,0,0.07532541410065001,0.49535386878028365,197,0,,
banking77__multinomial_nb__ce01e834b93c,banking77,multinomial_nb,classical,classical native,308,0,4,42,d399802be74f525de389b25c921eb59b941ca439a9e6fb2b7ff33b69e1335061,0.53,0.5324675324675324,0.0,,0.0,0,0.0002476041653426364,0.0002476041653426364,0.5016285301999588,77,0,200,200,,0.0,0,0.04952083306852728,1.0,0.53,0.9282397132014982,0,0.4792286528462914,3.326515959401749,197,0,,
imdb__linear_svc__030c7a7bcda5,imdb,linear_svc,classical,classical native,10000,1000,full prepared train,42,c90b127e15682236ab41d36264158fd72cd1ce80036b3a3e5e401f42301b0207,0.91,0.91,0.0,,0.0,0,0.0011580320849316195,0.0011580320849316195,0.90999099909991,2,0,0,200,,0.0,0,0.2316064169863239,0.0,0.91,,,,,,,,
imdb__linear_svc__2ad929b3cc6a,imdb,linear_svc,classical,classical native,8,0,4,42,c90b127e15682236ab41d36264158fd72cd1ce80036b3a3e5e401f42301b0207,0.495,0.495,0.0,,0.0,0,0.0006291997898370028,0.0006291997898370028,0.49498737468436715,2,0,0,200,,0.0,0,0.12583995796740055,0.0,0.495,,,,,,,,
imdb__logistic_regression__1ef646fb8e67,imdb,logistic_regression,classical,classical native,8,0,4,42,c90b127e15682236ab41d36264158fd72cd1ce80036b3a3e5e401f42301b0207,0.495,0.495,0.0,,0.0,0,0.0006103266653371975,0.0006103266653371975,0.49498737468436715,2,0,200,200,,0.0,0,0.1220653330674395,1.0,0.495,0.4986473963254573,0,0.014898504457189876,0.6917941113504895,0,0,0.551113033331021,0.5336
imdb__logistic_regression__94bf6d77405e,imdb,logistic_regression,classical,classical native,10000,1000,full prepared train,42,c90b127e15682236ab41d36264158fd72cd1ce80036b3a3e5e401f42301b0207,0.905,0.905,0.0,,0.0,0,0.00101030771038495,0.00101030771038495,0.9049976249406235,2,0,200,200,,0.0,0,0.20206154207699,1.0,0.905,0.14804653640808635,0,0.06063922202106603,0.25597793523151907,0,0,0.9585461671435871,0.959
imdb__majority__562de0d0de73,imdb,majority,classical,classical native,8,0,4,42,c90b127e15682236ab41d36264158fd72cd1ce80036b3a3e5e401f42301b0207,0.5,0.5,0.0,,0.0,0,1.5728990547358989e-07,1.5728990547358989e-07,0.3333333333333333,2,0,200,200,,0.0,0,3.145798109471798e-05,1.0,0.5,1.0,0,0.5,17.269388197455342,0,100,0.5,0.5
imdb__majority__dc4e8ab26aa0,imdb,majority,classical,classical native,10000,1000,full prepared train,42,c90b127e15682236ab41d36264158fd72cd1ce80036b3a3e5e401f42301b0207,0.5,0.5,0.0,,0.0,0,1.3999990187585353e-07,1.3999990187585353e-07,0.3333333333333333,2,0,200,200,,0.0,0,2.7999980375170704e-05,1.0,0.5,1.0,0,0.5,17.269388197455342,0,100,0.5,0.5
imdb__multinomial_nb__0adf93da38dc,imdb,multinomial_nb,classical,classical native,8,0,4,42,c90b127e15682236ab41d36264158fd72cd1ce80036b3a3e5e401f42301b0207,0.54,0.54,0.0,,0.0,0,0.0006573335401481018,0.0006573335401481018,0.537037037037037,2,0,200,200,,0.0,0,0.13146670802962035,1.0,0.54,0.4972147047772579,0,0.02364103589851601,0.690368226753637,199,0,0.5605872793310998,0.5386
imdb__multinomial_nb__5a5cb96d35ef,imdb,multinomial_nb,classical,classical native,10000,1000,full prepared train,42,c90b127e15682236ab41d36264158fd72cd1ce80036b3a3e5e401f42301b0207,0.845,0.845,0.0,,0.0,0,0.0010410539602162317,0.0010410539602162317,0.8449961249031226,2,0,200,200,,0.0,0,0.20821079204324636,1.0,0.845,0.2261502049352301,0,0.08476996393216732,0.3944920156633161,200,0,0.9233350582964054,0.9281999999999999
sst2__Qwen2.5-0.5B-Instruct__594a827ceab2,sst2,Qwen/Qwen2.5-0.5B-Instruct,zero_shot,closed-label likelihood,0,0,0,42,8c12945f6b673f72452096793b4777a94f2455ea55c51f4dc8c9dba9bb8a8201,0.5,0.5098039215686274,0.0,21084,1.0,21084,0.5992039584671147,1.7553713691188,0.3503118503118503,2,0,200,200,0,1.0,0,154.6643290007487,1.0,0.5,0.5119953906060916,0,0.18491211863099927,0.7051327636511681,22,0,0.779817969356574,0.7543017206882754
sst2__Qwen2.5-0.5B-Instruct__9800b4c889cc,sst2,Qwen/Qwen2.5-0.5B-Instruct,few_shot,closed-label likelihood,8,0,4,42,8c12945f6b673f72452096793b4777a94f2455ea55c51f4dc8c9dba9bb8a8201,0.85,0.8499399759903962,0.0,64084,1.0,64084,0.97474074998172,3.698361708340234,0.8499399759903962,2,0,200,200,0,1.0,0,286.6932143246522,1.0,0.85,0.2495906547272934,0,0.1802140690366194,0.4122388799405306,20,0,0.9527658350542727,0.9404761904761905
sst2__Qwen2.5-0.5B-Instruct__c29d9f2be13f,sst2,Qwen/Qwen2.5-0.5B-Instruct,lora,closed-label likelihood,8,0,4,42,8c12945f6b673f72452096793b4777a94f2455ea55c51f4dc8c9dba9bb8a8201,0.895,0.8938575430172069,0.0,21084,1.0,21084,0.6579818959580734,1.0295942561642732,0.8944060339409177,2,0,200,200,0,1.0,0,138.65422679239418,1.0,0.895,0.19251880075388839,0,0.10549120014723656,0.32650670811886,39,0,0.9628165079261869,0.9581832733093237
sst2__linear_svc__2f0742f75b09,sst2,linear_svc,classical,classical native,10000,1000,full prepared train,42,8c12945f6b673f72452096793b4777a94f2455ea55c51f4dc8c9dba9bb8a8201,0.795,0.7948179271708684,0.0,,0.0,0,7.75214598979801e-05,7.75214598979801e-05,0.7948717948717949,2,0,0,200,,0.0,0,0.015504291979596019,0.0,0.795,,,,,,,,
sst2__linear_svc__3e7e9ec774d5,sst2,linear_svc,classical,classical native,8,0,4,42,8c12945f6b673f72452096793b4777a94f2455ea55c51f4dc8c9dba9bb8a8201,0.5,0.5034013605442177,0.0,,0.0,0,4.777521011419594e-05,4.777521011419594e-05,0.48686371100164205,2,0,0,200,,0.0,0,0.009555042022839189,0.0,0.5,,,,,,,,
sst2__logistic_regression__81d2ff14c2be,sst2,logistic_regression,classical,classical native,8,0,4,42,8c12945f6b673f72452096793b4777a94f2455ea55c51f4dc8c9dba9bb8a8201,0.495,0.4982993197278911,0.0,,0.0,0,5.07064547855407e-05,5.07064547855407e-05,0.48256871333794416,2,0,200,200,,0.0,0,0.01014129095710814,1.0,0.495,0.4994979703314259,0,0.03761814889180991,0.6926373096335677,0,0,0.5489608457770339,0.5297118847539016
sst2__logistic_regression__e2833fa6fdfe,sst2,logistic_regression,classical,classical native,10000,1000,full prepared train,42,8c12945f6b673f72452096793b4777a94f2455ea55c51f4dc8c9dba9bb8a8201,0.795,0.7948179271708684,0.0,,0.0,0,7.777437451295555e-05,7.777437451295555e-05,0.7948717948717949,2,0,200,200,,0.0,0,0.01555487490259111,1.0,0.795,0.2729417001707455,0,0.056920758247621855,0.43457318390672467,0,0,0.9083101838262402,0.8871548619447779
sst2__majority__58d1470456af,sst2,majority,classical,classical native,10000,1000,full prepared train,42,8c12945f6b673f72452096793b4777a94f2455ea55c51f4dc8c9dba9bb8a8201,0.51,0.5,0.0,,0.0,0,1.3229029718786478e-07,1.3229029718786478e-07,0.33774834437086093,2,0,200,200,,0.0,0,2.6458059437572956e-05,1.0,0.51,0.98,0,0.49,16.924000433506237,0,98,0.51,0.5
sst2__majority__face6e86e516,sst2,majority,classical,classical native,8,0,4,42,8c12945f6b673f72452096793b4777a94f2455ea55c51f4dc8c9dba9bb8a8201,0.49,0.5,0.0,,0.0,0,2.933345967903733e-07,2.933345967903733e-07,0.3288590604026846,2,0,200,200,,0.0,0,5.8666919358074665e-05,1.0,0.49,1.02,0,0.51,17.614775961404447,0,102,0.51,0.5
sst2__multinomial_nb__36d0a632e5d2,sst2,multinomial_nb,classical,classical native,10000,1000,full prepared train,42,8c12945f6b673f72452096793b4777a94f2455ea55c51f4dc8c9dba9bb8a8201,0.845,0.8440376150460185,0.0,,0.0,0,8.288854034617543e-05,8.288854034617543e-05,0.8443423464135975,2,0,200,200,,0.0,0,0.016577708069235086,1.0,0.845,0.2527854843662436,0,0.11121076992718557,0.5192409382623688,199,0,0.9259814795505651,0.907062825130052
sst2__multinomial_nb__a094038879f9,sst2,multinomial_nb,classical,classical native,8,0,4,42,8c12945f6b673f72452096793b4777a94f2455ea55c51f4dc8c9dba9bb8a8201,0.54,0.5412164865946378,0.0,,0.0,0,5.3377915173768996e-05,5.3377915173768996e-05,0.5388471177944862,2,0,200,200,,0.0,0,0.0106755830347538,1.0,0.54,0.5049764137059103,0,0.09440417408474142,0.698604859978529,197,0,0.5572348358940413,0.5393157262905163
trec__Qwen2.5-0.5B-Instruct__23d9b42b5b4e,trec,Qwen/Qwen2.5-0.5B-Instruct,lora,closed-label likelihood,24,0,4,42,d44f342fb000a58a037309a667697f2cf9c3720d52437298b5c50cbc239e333a,0.04,0.19110576923076925,0.0,24054,1.0,24054,0.5442744999891147,0.5730424482608214,0.044526143790849675,6,0,200,200,0,1.0,0,109.81550491717644,1.0,0.04,0.9208984211240799,0,0.29119700188589215,2.008890132272164,60,0,,
trec__Qwen2.5-0.5B-Instruct__5d00e79e1d60,trec,Qwen/Qwen2.5-0.5B-Instruct,few_shot,closed-label likelihood,24,0,4,42,d44f342fb000a58a037309a667697f2cf9c3720d52437298b5c50cbc239e333a,0.175,0.15280333701386334,0.0,137454,1.0,137454,2.9597261255257763,6.270092852017841,0.08807352128247652,6,0,200,200,0,1.0,0,798.53122279339,1.0,0.175,0.923694037148103,0,0.23378589822729473,2.405796989776691,74,0,,
trec__Qwen2.5-0.5B-Instruct__67b435872393,trec,Qwen/Qwen2.5-0.5B-Instruct,zero_shot,closed-label likelihood,0,0,0,42,d44f342fb000a58a037309a667697f2cf9c3720d52437298b5c50cbc239e333a,0.155,0.17324561403508773,0.0,24054,1.0,24054,1.364238000009209,1.650556845468236,0.08169000998768959,6,0,200,200,0,1.0,0,279.808499214123,1.0,0.155,1.089858959308101,0,0.337506305303091,2.729555585556604,64,0,,
trec__linear_svc__6829a061a4ce,trec,linear_svc,classical,classical native,4886,545,full prepared train,42,d44f342fb000a58a037309a667697f2cf9c3720d52437298b5c50cbc239e333a,0.9,0.8778331561226299,0.0,,0.0,0,0.00019970937457401306,0.00019970937457401306,0.8979880585344858,6,0,0,200,,0.0,0,0.03994187491480261,0.0,0.9,,,,,,,,
trec__linear_svc__d2b4ae115ac0,trec,linear_svc,classical,classical native,24,0,4,42,d44f342fb000a58a037309a667697f2cf9c3720d52437298b5c50cbc239e333a,0.495,0.5216672034106244,0.0,,0.0,0,0.0002248452103231102,0.0002248452103231102,0.4757489786350546,6,0,0,200,,0.0,0,0.044969042064622045,0.0,0.495,,,,,,,,
trec__logistic_regression__8bc76aab4183,trec,logistic_regression,classical,classical native,24,0,4,42,d44f342fb000a58a037309a667697f2cf9c3720d52437298b5c50cbc239e333a,0.5,0.5260531683229052,0.0,,0.0,0,0.00010374583478551359,0.00010374583478551359,0.4857191250483934,6,0,200,200,,0.0,0,0.020749166957102716,1.0,0.5,0.7389262775552402,0,0.23307073311018192,1.5452855104340713,80,0,,
trec__logistic_regression__8d9deee58454,trec,logistic_regression,classical,classical native,4886,545,full prepared train,42,d44f342fb000a58a037309a667697f2cf9c3720d52437298b5c50cbc239e333a,0.87,0.8479973060565168,0.0,,0.0,0,0.00017206145508680493,0.00017206145508680493,0.8678598821028641,6,0,200,200,,0.0,0,0.034412291017360985,1.0,0.87,0.16871621313384327,0,0.036013645019256774,0.33799216684882544,93,0,,
trec__majority__d3cfb0a0827d,trec,majority,classical,classical native,24,0,4,42,d44f342fb000a58a037309a667697f2cf9c3720d52437298b5c50cbc239e333a,0.02,0.16666666666666666,0.0,,0.0,0,1.7345848027616739e-06,1.7345848027616739e-06,0.006535947712418301,6,0,200,200,,0.0,0,0.0003469169605523348,1.0,0.02,1.96,0,0.98,33.84800086701249,0,196,,
trec__majority__f28a22e53edd,trec,majority,classical,classical native,4886,545,full prepared train,42,d44f342fb000a58a037309a667697f2cf9c3720d52437298b5c50cbc239e333a,0.19,0.16666666666666666,0.0,,0.0,0,7.30835017748177e-07,7.30835017748177e-07,0.05322128851540616,6,0,200,200,,0.0,0,0.0001461670035496354,1.0,0.19,1.62,0,0.81,27.976408879877663,0,162,,
trec__multinomial_nb__5d3313ad7372,trec,multinomial_nb,classical,classical native,4886,545,full prepared train,42,d44f342fb000a58a037309a667697f2cf9c3720d52437298b5c50cbc239e333a,0.775,0.7890747471339576,0.0,,0.0,0,0.00021516499982681124,0.00021516499982681124,0.7914300429737477,6,0,200,200,,0.0,0,0.04303299996536225,1.0,0.775,0.3247774321896255,0,0.11761460577022535,0.754252904589867,196,0,,
trec__multinomial_nb__db3012a1e2fb,trec,multinomial_nb,classical,classical native,24,0,4,42,d44f342fb000a58a037309a667697f2cf9c3720d52437298b5c50cbc239e333a,0.5,0.538913212761897,0.0,,0.0,0,0.0002004297950770706,0.0002004297950770706,0.4856549592407015,6,0,200,200,,0.0,0,0.04008595901541412,1.0,0.5,0.7361681305862332,0,0.22768459586605094,1.5382231941356128,192,0,,
